console,year,revenue,rev_billions
nintendo_switch,2022,12209593000,12.209593
ps5,2022,21499570000,21.49957
xbox,2022,9299814000,9.299814
nintendo_switch,2023,11395593000,11.395593
ps5,2023,21499570000,21.49957
xbox,2023,9299814000,9.299814
nintendo_switch,2024,10174593000,10.174593
ps5,2024,19349570000,19.34957
xbox,2024,8927814000,8.927814
